Date,A,AA,AACG,AACT,AADI,AAL,AAME,AAOI,AAON
2023-10-16 00:00:00-04:00,0.004142643017650823,-0.014338282575655422,0.0,-0.0009708959899662353,0.0,0.010152274844104098,-0.0471203747340962,0.0065789725476688155,0.007165323989258618
2023-10-17 00:00:00-04:00,0.02089012791674498,0.05589358415766323,-0.018181800448205245,0.0009718395450834474,-0.011820376006952129,0.0050504600475087145,-0.03888885283175722,0.014705900164961433,0.004204587527517553
2023-10-18 00:00:00-04:00,-0.024431879780535567,-0.021402210905600058,-0.045871623848112934,-0.0009708959899662353,-0.029197109508376264,-0.0323679831217514,0.0,0.0053262264492610996,-0.052390147785372716
2023-10-19 00:00:00-04:00,0.002379882253825744,-0.0733944987573799,-0.06363640994079742,-0.0029125953801609635,-0.007518789804026501,0.008810521976604648,0.0,-0.017150411048732255,-0.014911519645939208
2023-10-20 00:00:00-04:00,-0.0028299941208948035,0.02170213739922716,0.029411737206622428,-0.0009718395450834474,0.017412978107836607,-0.02807014960808167,-0.08121831650102217,-0.0662162488703309,0.006054866680477041
2023-10-23 00:00:00-04:00,0.011470840714825674,0.01079447330082504,0.0392156496088299,0.0014570513075852077,-0.04136254763295606,0.02450086142230047,0.02645506449947962,0.07014929558339178,0.005257277559487582
2023-10-24 00:00:00-04:00,-0.017302331259084282,-0.009298364952379987,0.009803912402207475,-0.0009708959899662353,0.06982536583277643,-0.013204192171089178,0.0,0.034770514326900585,-0.01826571336773369
2023-10-25 00:00:00-04:00,0.004859086419685243,0.0216413579570812,0.0,0.0,-0.02088170621409546,-0.007194237817389377,-0.03743318303400652,-0.05066668192545573,0.001690143710570629
2023-10-26 00:00:00-04:00,0.008118259669282323,-0.02000831791645963,0.08000004291534424,-0.0019399085305192882,0.019047715280065776,0.009049721816227393,0.07428571156093056,-0.025531957490205225,-0.007011089718933599
2023-10-27 00:00:00-04:00,-0.016931358876600473,-0.019395209392667524,-0.08571426462964851,0.0,0.007109054810400158,-0.02325583379111974,0.0,-0.008450696279642565,0.0
2023-10-30 00:00:00-04:00,-0.014993680549649174,0.05499998728434238,0.03960392300071266,0.0009718395450834474,-0.039170523114515625,0.015440515237047397,-0.08648646732940579,-0.008403353487606407,0.0001836239006998827
2023-10-31 00:00:00-04:00,0.003592259675553672,0.014240454637056362,0.04301077543014525,0.0009718395450834474,0.08415845440551507,0.0036003567136914244,0.01775146175977734,0.04207569552349563,0.0014705517300283267
2023-11-01 00:00:00-04:00,0.003512201076600638,-0.024931803184506954,-0.020408204226431473,0.0009718395450834474,-0.018181800448205245,0.002700331914724861,0.04069763492931937,0.04183535076425222,0.033839443036038565
2023-11-02 00:00:00-04:00,0.004809079485712632,0.022352929208792872,-0.09523806550335047,0.0009698617653297127,0.05747126562779011,0.004405218976219313,0.022471956014182306,0.07124996185302734,-0.010276957919457015
2023-11-03 00:00:00-04:00,0.023661940310482757,0.0011321013828492952,-0.06603767643538114,0.0009698617653297127,0.042918517736296354,0.03009453347819124,0.01075267783478249,0.08850580168331194,-0.005499221556560446
2023-11-06 00:00:00-05:00,-0.011763613712127884,-0.027704971788948842,-0.13333326899815828,0.0,-0.01020412035953521,-0.03316754214651205,0.005714280264718275,0.022151903827775262,0.004877177844296621
2023-11-07 00:00:00-05:00,0.034631268293337715,0.012688406458576077,0.043478218616745966,0.000969014455189504,0.002079049688316032,0.0025597041201089305,-0.06521739271277514,0.019587684308625924,-0.0030508526300979167
2023-11-08 00:00:00-05:00,-0.01352691864240405,0.01632164943130717,0.024096434859410952,0.0,-0.023109270635527732,0.012647603418785824,0.0,-0.01104414219437204,-0.003741452531638792
2023-11-09 00:00:00-05:00,-0.0216128298533517,-0.047655930557432793,-0.03409087676400963,0.00019378440897695878,-0.03225808436366903,-0.033717093137905385,-0.09941524707693246,-0.030784456339330024,-0.027918743718820044
2023-11-10 00:00:00-05:00,0.006962495279436181,-0.00242920532136347,-0.10526312157057613,0.0,0.004376363276862391,0.01113968411234169,0.0,0.008073176487955216,0.015919677355431955
2023-11-13 00:00:00-05:00,-0.006196228483896827,0.004491654200882801,0.08749998975545183,0.000969014455189504,-0.006535993205018778,0.006837600428224228,0.03267978592192807,0.22767856620176108,0.0013578043710268507
2023-11-14 00:00:00-05:00,0.01880417618628907,0.02869494995721591,0.0,-0.000967140109696525,0.010593261219791936,0.00823048432999236,-0.005813947847045559,0.09349957555971258,0.06766662597656249
2023-11-15 00:00:00-05:00,0.015645954616663686,0.016214189206392036,0.011764694332664312,0.0,-0.018750031044084587,0.00566799130866815,0.010928951069668853,0.04009818006634982,-0.007626485267965696
2023-11-16 00:00:00-05:00,0.002194137218213343,-0.02255640499493004,0.023809572804273028,0.0033848981523805517,-0.0361701290118493,-0.01851855833315545,0.02673794234694526,0.038025912628152886,-0.016370173474157063
2023-11-17 00:00:00-05:00,-0.007281995144845635,-0.004933626802019172,0.13414636007878572,0.0,0.02838430493591017,0.0016299513727158063,0.033898340471971884,-0.01696224074783359,-0.004598080179650624
2023-11-20 00:00:00-05:00,0.006445945756587985,0.00569907371844572,-0.021505355669564928,-0.004807619124471926,-0.030612263764901768,0.013900252056989021,0.0,0.1200619836603306,0.007490059294073697
2023-11-21 00:00:00-05:00,0.020253574040962816,0.0041856430794854176,-0.07142856273984786,0.0,-0.014736878244500411,-0.013821144199818803,0.010695176938778106,-0.05795051003042996,0.012597686605977768
2023-11-22 00:00:00-05:00,0.0009687181280926766,0.0038051168762681066,-0.0210526117657688,0.0,0.0042283257602251075,-0.0048504014953490064,0.09039546234212183,-0.030102779064397876,-0.00672190553338028
2023-11-24 00:00:00-05:00,0.021788287746386945,0.0030581010769374886,-0.05154640252182943,-0.0009651810365722145,-0.012552388490188976,-0.006456813679522488,0.0,-0.01584905948279039,0.007417948487619423
2023-11-27 00:00:00-05:00,-0.0076996443471656194,0.0030511031960748078,0.0,0.0009661135110122197,0.010638338885950083,-0.005714260801977041,0.0,0.11888109919005854,-0.0018826912993724072
2023-11-28 00:00:00-05:00,0.0005616150125721846,-0.005339412407121294,0.0919540033014122,-0.0009643422364702168,0.11523397950946813,-0.0016406484641344513,-0.03381639396149068,0.0,-0.02534635703320088
2023-11-29 00:00:00-05:00,0.01592483524419529,0.0007570195952276464,0.0,0.0,-0.02193782269868746,-0.003260058193562147,-0.054726375535833906,0.006076920753787764,-0.010841841389367186
2023-11-30 00:00:00-05:00,-0.0015624761581420582,0.010534262131271949,0.06024097942928767,0.0,-0.016822369599072635,0.008110331069626579,-0.0394088299672662,-0.07342658578530444,0.009514597138491069
2023-12-01 00:00:00-05:00,0.011386814747463093,0.02740739893030238,0.0,0.002410855591175542,-0.06466734106128309,0.0449438537642237,0.0,0.24715703459191596,-0.0012777803909085948
2023-12-04 00:00:00-05:00,0.0036601604804861053,-0.017228783316461015,0.01136362558800321,-0.0014430344071366212,0.011834307839851566,0.02455876094063176,0.021052674507500944,0.034739419155577045,0.03950976986381689
2023-12-05 00:00:00-05:00,0.0005476855970686092,-0.04754717844837113,-0.05555550404536735,-0.004798482760918244,-0.0428850413491238,-0.006807878273070424,0.0,-0.01825935111606013,-0.016441776845361945
2023-12-06 00:00:00-05:00,0.003190689977504848,-0.018749981839209985,0.1728394880034615,-0.0009634131764529912,-0.04268293392083806,0.008982027593025186,0.005319143876925843,0.042372810907632376,-0.0009375214576721266
2023-12-07 00:00:00-05:00,-0.004024800965508082,-0.008744010917675857,0.03488368708227368,0.0009643422364702168,0.014862032079497966,0.016070144176194994,0.005235597192677368,0.029137529396622036,0.02193328349863489
2023-12-08 00:00:00-05:00,-0.00694823495271786,-0.00079874029682119,-0.0898876231421935,0.0019267344767686133,0.044210534346731084,-0.007930761181315766,-0.005208328482694828,0.10824454926720051,0.008800366286343491
2023-12-11 00:00:00-05:00,0.010578267082487214,0.007272739603061808,0.05882347166332156,0.0009623941171422265,-0.02380950128320286,-0.002906973923522806,0.02717388663546624,-0.06262625347970725,0.005464490366730953
2023-12-12 00:00:00-05:00,0.005778916179142066,-0.02552678526438733,-0.01111110080907347,0.00047985742843644456,0.0286884965578807,0.016654564463996723,-0.0212765755077032,0.0037817230663776892,0.009351358803158561
2023-12-13 00:00:00-05:00,0.036021452375768405,0.08111475795873728,-0.01111110080907347,0.0,0.048923677782384406,0.01512968562071452,-0.02083331393077931,0.15183805604495368,0.005522429053463113
2023-12-14 00:00:00-05:00,0.021925975658275372,0.10576917922220248,-0.06593406665384184,0.0,-0.011049713568388594,0.02027971734160687,0.00499999523162841,0.054090933366255325,0.047500049366670474
2023-12-15 00:00:00-05:00,-0.0033518412667952724,0.039091214980429424,-0.044943778085340724,0.0,0.0,-0.009569401382612634,-0.03883491549912932,-0.08371989791863288,-0.008505306748035428
2023-12-18 00:00:00-05:00,-0.00043606047089652435,-0.029262088443584647,0.050632861729827845,-0.013282765069207891,-0.06276154342405177,-0.013167049898777023,0.06842105098048076,0.015342967280191409,-0.008549413081947295
2023-12-19 00:00:00-05:00,0.009241201574329143,0.03943564007139438,-0.022988483697581656,0.002881818771462253,-0.026431693076513458,-0.005563276986744656,0.0,0.003926708215022101,0.0177215494131
2023-12-20 00:00:00-05:00,-0.011517280833228762,-0.042486684608416675,-0.023529458788438158,-0.007619040352957589,-0.046296360684027295,-0.015492976759426718,-0.01477831123772482,-0.09162994950651768,-0.009931051320043155
2023-12-21 00:00:00-05:00,-0.0031568548284684568,0.024640014648437507,-0.058139547778181457,-0.00809524172828311,-0.05238090480536074,0.009852240882964162,-0.00985220749181653,-0.021236467748841706,-0.002617834618529354
2023-12-22 00:00:00-05:00,-0.0002864643360646173,0.024575285066455024,-0.02409636304658448,-0.006666637602306548,-0.005050500185316257,-0.004867850783528333,0.024271822186955755,0.003842455565738668,0.010600279170303433
2023-12-26 00:00:00-05:00,0.003589117857745323,0.00029528415100347675,0.0,0.0,-0.009852207491816546,-0.009824585496333608,0.004807687899064487,0.07641504120682623,0.0020270476470122755
2023-12-27 00:00:00-05:00,0.0002862251056751629,0.016944254712566668,0.23529402689950532,0.0,0.034825837599464136,-0.007801461515995823,0.02857151615376777,-0.015734209624458213,-0.0030897816951932274
2023-12-28 00:00:00-05:00,-0.005478789315893961,-0.0037485890130119627,-0.03389827426361236,0.0,-0.004739332208735816,0.004310306437753773,0.03286381665813734,-0.02580070887529724,0.004737494809522783
2023-12-29 00:00:00-05:00,-0.000287686365246327,-0.009035306350419998,-0.0491803775260399,-0.0009569597190776573,-0.038095203494807814,-0.015053766381236611,0.10859728750863595,-0.11213237630480483,-0.006856608304223958
2024-01-02 00:00:00-05:00,0.004052373896087102,-0.006561211273938327,-0.1565216967649397,0.0,0.009852207491816546,-0.015384618609211642,0.01666665010982162,-0.006907500684091577,0.01177437841691944
2024-01-03 00:00:00-05:00,-0.04956519085427977,-0.019613922220315435,-0.045871623848112934,0.0019193381902995765,-0.03940882996726618,-0.015209111411935535,0.03418810472607793,-0.030000050862630207,-0.001093070479383239
2024-01-04 00:00:00-05:00,0.0034469317328455254,0.0,-0.043859607845351666,0.0,-0.07537687208004634,0.0061491100921318275,0.008264454667762862,0.058857182094029015,0.011661386764146419
2024-01-05 00:00:00-05:00,0.0043076735276442865,0.0520628718049414,0.01834860579271824,0.0,-0.048648666064176484,0.042145607869442644,0.06382983040626329,0.09451383951873066,-0.00848505199358788
2024-01-08 00:00:00-05:00,0.02489630788658032,-0.002828414627625829,-0.00943395377648302,-0.0028625700650354953,0.0508474770330168,0.039201724961001654,0.007999992370605518,0.003980095631232273,0.01851846775273418
2024-01-09 00:00:00-05:00,-0.0120209536956273,0.0037712394841071233,0.05714291877487359,0.0,-0.04838711434753648,-0.008959346133031452,0.024096362469775128,0.09507049178990958,-0.0009621951178587053
2024-01-10 00:00:00-05:00,0.003905609585576238,-0.004716969249340711,0.045454501120513115,0.00047825102605505754,-0.0056179722606675905,0.0006973660233909573,0.032388632704214014,-0.023508157234848157,-0.008555302002739745
2024-01-11 00:00:00-05:00,-0.0068923965588381575,-0.019371248484766235,-0.028571402621105857,0.0,-0.04469269576030488,0.007596727474383174,0.02032518355322751,-0.15327791866170698,-0.0034925956077796385
2024-01-12 00:00:00-05:00,0.001764989117090913,-0.03719140197338112,0.0392156496088299,0.0,-0.005780341244511894,-0.051687024497859335,0.05241930444456448,-0.034387177793765794,-0.020063608905415774
2024-01-16 00:00:00-05:00,0.010763507791683218,-0.04456630900447062,0.0,0.0,-0.04651165208409023,0.008409759733857786,-0.04562742158023461,0.013481914231247357,-0.003276867772238552
2024-01-17 00:00:00-05:00,-0.014309898995922894,0.0003680614226631474,0.0,0.0,-0.030487776068545924,-0.0023147942039266215,0.04263571192529113,0.013830514804088447,0.014492753623188496
2024-01-18 00:00:00-05:00,0.01905954038412055,-0.031498943258451616,0.02857151615376773,0.0,0.07006362510881643,0.05819289822272647,0.02713185028347793,-0.046471569234675006,-0.0007102706061651397
2024-01-19 00:00:00-05:00,0.008066398298592735,0.02356906393207239,0.03809531702746968,-0.002857117425827753,-0.04117650028743462,-0.012292124167155456,0.003816881419329503,-0.04816376648633553,-0.006639372999358642
2024-01-22 00:00:00-05:00,0.007984814081808537,0.027912168834208193,-0.03669732095175381,-0.0019048055013020833,0.005988018395350124,-0.024355311723410402,-0.04247100337495781,0.06211179977057321,0.014778260060008661
2024-01-23 00:00:00-05:00,-0.014965579236263512,0.012349935336627357,0.0,-0.0019048055013020833,0.035714323727453215,-0.009901014138862126,-0.01960782480441495,0.0552967892151094,-0.029112918916047635
2024-01-24 00:00:00-05:00,-0.019862584473027328,-0.01619833954109633,0.0582524889858715,0.0009550405876309629,-0.039325805824673134,-0.01624290570019766,-0.00387596541045334,-0.10324323499524915,-0.022542714248508795
2024-01-25 00:00:00-05:00,-0.009381402805377899,-0.0026702245043630614,0.07766994673543616,0.0,-0.005747120924395414,0.05277583934451004,0.02702709420120877,-0.032563603134149965,-0.01042554886117483
2024-01-26 00:00:00-05:00,-0.02034254045416205,0.012905403900016776,0.0,0.0,-0.03468211637417439,-0.027009650877315966,-0.01132083348253239,-0.07583228078336764,-0.012425829669726522
2024-01-29 00:00:00-05:00,0.008197357351458786,0.014773498899047843,0.0,0.0,0.017647041498996468,-0.027976597812456004,0.019379919462571196,0.06220894452616631,0.015879836711314092
2024-01-30 00:00:00-05:00,0.010916185562403369,0.00889915808852229,0.0,0.0,0.02890170622255947,-0.017579461092118942,-0.036496315432303715,-0.02682210464749138,0.0447528112930164
2024-01-31 00:00:00-05:00,-0.03350415635084047,-0.024270245217224654,0.009259250061011975,0.0,0.0337079005355176,-0.01794342532703658,0.030303000199675557,-0.04202195681191208,-0.04945121280605433
2024-02-01 00:00:00-05:00,0.022989432179691013,-0.012965405273857035,0.0,-0.0019029930854530279,-0.04347828340440215,-0.000696880042926641,-0.010909080505371116,0.03638650518499099,0.02047739906270814
2024-02-02 00:00:00-05:00,0.008571032419603827,0.01689654383166081,0.0,0.0009524027506510416,-0.01694913656104499,0.02679831496916229,0.018518500530834543,0.14190419557714878,0.028330947497997413
2024-02-05 00:00:00-05:00,0.0006026957039623632,-0.0615384687205166,0.0093457850215429,0.0,-0.022988483697581656,-0.006963748620210551,0.0,0.04278919455278166,-0.006638027157311352
2024-02-06 00:00:00-05:00,0.024199071704233705,0.025241287739253083,0.01851850012202395,-0.0009514965427265139,0.029069739235228063,0.04634830463626365,-0.07251901797748955,-0.03968250213867144,0.006002237700157184
2024-02-07 00:00:00-05:00,-0.027322083721034323,-0.0025362207919103937,0.06422012027451383,-0.0009514965427265139,-0.01685391678200277,-0.0006702566240415158,-0.07692300638503312,-0.003126699928148917,0.037317529357986864
2024-02-08 00:00:00-05:00,0.012460422731378644,0.009839597126826818,0.008547000709448131,0.0009524027506510416,0.01724136277318624,-0.0020026524624788353,0.06355936526909936,-0.0026399758711341324,0.035131554854543494
2024-02-09 00:00:00-05:00,-0.0044052592410639795,-0.029592194944665584,0.050420117558385505,0.0,0.05056181731752038,-0.009980014716914495,-0.015444001227257401,0.0531020086526638,0.03220898929582206
2024-02-12 00:00:00-05:00,-0.007277920390060795,0.029520266634666316,0.0,-9.5267528748498e-05,0.010638287753851585,0.008783791403077211,-0.04705877953059581,0.0218871972095563,0.008960300927963611
2024-02-13 00:00:00-05:00,-0.004449914434178053,-0.03903342944054343,0.039999961853027344,-0.0009514965427265139,-0.06315789803903853,-0.00544587651403917,0.041666625274553885,-0.054408055564283554,0.004407485933514724
2024-02-14 00:00:00-05:00,0.009465690787511832,0.022129029046715747,0.1153846929764635,0.002380916050502232,0.05555557027275219,0.008141104981169137,0.0580912288380023,0.02857142588691245,0.008018770607648395
2024-02-15 00:00:00-05:00,0.01323403589848263,0.012943730113563428,-0.006944520329984546,0.0004752053753868636,0.005291000285156192,-0.007989403167519301,-0.03891046973934734,0.05957447998145137,0.025081785113796527
2024-02-16 00:00:00-05:00,0.009356988054991463,0.00219456713999701,0.05035975048380533,0.0,0.0,-0.006109925438593083,0.0,-0.06812224855584971,0.0021398038433027952
2024-02-20 00:00:00-05:00,0.0035161309728536884,-0.007068401511942823,-0.02898547970379774,0.0009496893765840798,0.01595743163077738,0.01379309029414736,0.0,-0.042953639919998135,-0.018371743536543295
2024-02-21 00:00:00-05:00,0.014772054676716903,0.030973385665389305,0.07200002670288086,0.0,-0.03108805409853593,0.013708005974877382,0.0038910469739346656,0.010000028108295641,0.00527737220741279
2024-02-22 00:00:00-05:00,-0.0034721578344865463,-0.0007202181286993513,0.0,0.0,0.010695176938778125,0.020080334615857228,0.08000001907348636,0.019028596954488483,0.0071899096373219595
2024-02-23 00:00:00-05:00,-0.005798224809986226,-0.03982622549045002,0.0,0.0,0.0,-0.0013200993130649105,-0.01818180084228523,0.029839872943370763,0.01706199990952558
2024-02-26 00:00:00-05:00,-0.002200586498854814,-0.030975123432445618,0.024793364003288205,0.0,0.04210528627326973,0.009914052702954404,0.01872657336612733,0.04914526939159858,0.01463941211708083
2024-02-27 00:00:00-05:00,0.008368247463320705,0.030490193754526287,0.01639342660450326,0.0018993787531681595,0.04020096649380321,-0.0006431015279211611,0.00369003332933336,0.0178218128423864,-0.0025569644161105597
2024-02-28 00:00:00-05:00,-0.02051765996420267,0.004963694467953465,0.05084751242024469,-0.005692639452927532,-0.004807687899064574,0.006510441647455034,-0.007272720336914023,-0.08571426802088424,0.02645874990402422
2024-02-29 00:00:00-05:00,-0.0010907854154333988,0.01948289771487624,0.11206896463132214,-0.0009487883223936754,-0.06190470567906269,0.008360135874363253,-0.010869554888924092,0.06179397606081058,-0.0347126050927172
2024-03-01 00:00:00-05:00,0.014814265470194113,0.00654546564275569,0.02919705234584303,0.0,-0.030303061318608857,-0.0025477683018455786,-0.018382335217044608,-0.054020934233124124,-0.01233690246593246
2024-03-04 00:00:00-05:00,0.026661925092336784,-0.0007272893732245165,-0.038709641693781015,0.0052481209521164475,0.16507179080308848,-0.05668785990196106,-0.02583023330533303,-0.034838707216324344,-0.009960420170606242
2024-03-05 00:00:00-05:00,0.009440602122487011,-0.0051755783215190485,0.02097908510451529,-0.0009478889764019397,-0.10593220809861478,-0.005423723641088453,0.03435120477827253,0.0,-0.012809601514225829
2024-03-06 00:00:00-05:00,0.008413801522090477,0.01987709561055459,0.04545458064028705,0.0,0.028301973791049047,0.005405400180747056,0.04214564671864312,-0.0053404490087261836,-0.017109617758185685
2024-03-07 00:00:00-05:00,0.01509280900111935,0.03499654218716707,-0.03205125266043049,0.0,0.0230414518702124,0.0033669519041182932,0.06060600039935111,-0.011325787721630794,-0.000739068223308735
2024-03-08 00:00:00-05:00,-0.01182841673135822,-0.01744564825338523,0.019480578793626732,0.0,-0.04464281437804522,-0.01740289708902716,-0.007017537402020414,-0.02057063518381171,-0.001099662046892896
2024-03-11 00:00:00-04:00,-0.004797342661264684,0.030764024670697044,0.03921572752339969,-0.00047394448820096985,0.00467289251077145,0.003424605188641347,-0.07382551248393267,-0.038306430809166375,-0.013120405329640518
2024-03-12 00:00:00-04:00,0.0015581310655650665,-0.02647057045243984,-0.024539853969351218,0.0009487883223936754,-0.09767443201488973,-0.016208565823658424,-0.04166670805877945,-0.010409411528009964,0.0035127183855585132
2024-03-13 00:00:00-04:00,-0.002362089822849859,0.0176489765960135,0.0,0.0,0.10769232462143716,0.005747120924395414,-0.010638287978706711,-0.0014286041259765625,0.008876098305213834
2024-03-14 00:00:00-04:00,-0.01818787892918993,-0.011849858885705387,0.02547768185775143,0.0,-0.014423063697193721,0.0021489780006600573,-0.0445205859740639,-0.04649447273600008,0.013715787348789098
2024-03-15 00:00:00-04:00,0.024237725545059978,0.018060231518955687,0.08219178194041364,0.0004734053568137092,0.0689655698902934,0.0,0.014981258692901856,-0.01397517884910318,0.017649967470075884
2024-03-18 00:00:00-04:00,-0.012104466363389407,0.0029088607315576396,-0.06060607593140567,0.001895687557135712,-0.018518610500991368,0.009299007059918854,-0.014705868173635695,0.020440194162688587,0.007291268288318561
2024-03-19 00:00:00-04:00,0.009589655755920414,-0.020792052033982773,-0.09677418114367396,0.0,0.004717089349841497,-0.010653382055615198,0.02941173634727147,0.01872659122519643,0.030237058427338943
2024-03-20 00:00:00-04:00,0.0004754572531589866,0.0580493172264614,0.10434783239671111,-0.0007576643740123287,0.04285721746432066,0.04369625035890877,-0.02787453898816804,0.04476533346443773,-0.0008196685430152542
2024-03-21 00:00:00-04:00,0.00786016836778002,-0.011352844951017595,-0.01694913713180618,0.001895687557135712,-0.0046296250305059876,0.010943902097437728,0.0,0.025429545065895617,0.02792322991383179
2024-03-22 00:00:00-04:00,-0.009405502840892317,0.012903213500976587,-0.0847456856590309,0.0,0.0186915700430858,0.0074778828274634605,-0.03472227051302058,-0.0013605104999219219,-0.02393590102615651
2024-03-25 00:00:00-04:00,-0.0134200611199647,0.009185965103917537,-0.018518610500991368,0.00018923685388180556,-0.00458715144817956,0.015656943667839315,0.0,-0.016282209962338274,-0.010987704814963351
2024-03-26 00:00:00-04:00,-0.008241171232828477,-0.02289603273841207,-0.055555610745039265,-0.001890312309411612,0.00917430289635912,-0.004669759565913402,-0.010791356726084065,-0.016348822874878453,0.0055755996904640484
2024-03-27 00:00:00-04:00,0.01180914035551266,0.04697351208613853,-0.034482726727597,0.0004734053568137092,0.06756750225933819,0.02000001271565755,0.07692309808449016,-0.033240966494791746,-0.0037931244948814845
2024-03-28 00:00:00-04:00,-0.013758972967824303,0.016546305935262295,0.0,0.0,-0.016806806028663922,0.004581194353523954,0.003584226021499807,-0.0014409551584126544,0.016733951791208415
2024-04-01 00:00:00-04:00,-0.004241313095168895,-0.0023459829893580325,-0.07407411086706321,-0.0009460052503516956,-0.004310340840949625,-0.000648523270580904,0.007142850452539795,-0.0035791116520499187,-0.0009084056765606896
2024-04-02 00:00:00-04:00,0.0010414796002964084,0.04638866566800588,0.009999990463256836,0.0,-0.04803488948830167,-0.04382475316712002,-0.02641515816687976,-0.009615392754389088,-0.023700478378955385
2024-04-03 00:00:00-04:00,-0.00027828158679095455,0.03565456058195899,0.0,0.0,-0.004545450112051311,-0.009790233668210841,-0.09917355453322381,0.030734620893731513,0.014458720598872135
2024-04-04 00:00:00-04:00,-0.02604740150552282,-0.03619298932263152,0.06930698328024783,0.0018938923574475955,-0.013636350336153933,-0.028792124578799417,-0.06866946465715622,-0.07735983965817714,-0.01799839085641192
2024-04-05 00:00:00-04:00,-0.0004161295716575521,0.02012863325381517,-0.018518610500991368,0.0014203966905696334,-0.022935757240897796,-0.005061438554618646,-0.013513500451867706,-0.022638559902693953,0.048629716255922044
2024-04-08 00:00:00-04:00,0.0045897332969585085,-0.01544296118072674,0.04901967888289206,0.00047260061219040963,0.02380961571691675,0.005788706618858738,-0.022522500753112778,-0.025984246351350895,0.029369320601723523
2024-04-09 00:00:00-04:00,0.009588999290988788,-0.007547137218676229,-0.00943395377648302,0.0009452012243808193,-0.03225814248860645,-0.0007163487718129943,-0.040909159380540884,-0.03277376817832048,-0.03552966752743777
2024-04-10 00:00:00-04:00,-0.0018002666537343397,0.013441600519251778,-0.06956515249097145,0.0,-0.038461503192516594,-0.04282657899125628,0.09615387260561249,-0.011774629039550533,0.009885064486799646
2024-04-11 00:00:00-04:00,-0.004462711457072454,0.0019358322765376335,-0.05454550971669479,0.0,0.005050500185316257,0.013392880267534038,-0.013274323679807222,0.0110356636152596,-0.008038938937114432
2024-04-12 00:00:00-04:00,-0.019917826333956497,-0.060581809015512904,-0.08910888576610382,-0.0028196133155517296,0.0,-0.006797594723847174,-0.02232140718902261,-0.03852746157378467,0.012074552240252936
2024-04-15 00:00:00-04:00,-0.014686222849734115,-0.011621629869615641,-0.08510636544000942,0.0,-0.03061227592911475,-0.025602421643409246,0.0,-0.010638287978706683,-0.015367238535045829
2024-04-16 00:00:00-04:00,-0.024807497560747464,0.026742491775339303,0.02325579138818245,-0.0037593947896937567,-0.04787235830152887,0.006177600377168992,-0.004999995231628418,0.09798531935426119,0.018278507138302837
2024-04-17 00:00:00-04:00,-0.019600716509299784,-0.04332617376110367,-0.01020407170268328,0.0,0.016759827507484212,0.032713794817641514,-0.07547163021186416,-0.0049834235719935,-0.02880933537035702
2024-04-18 00:00:00-04:00,0.008989852079483792,-0.0011263616649011998,0.051020358513416394,0.0028301633859971467,-0.010989065691980104,-0.0014244661071007507,-0.029850717942397832,-0.022632057909213407,-0.019215346081821898
2024-04-19 00:00:00-04:00,-0.0024800979791793644,0.00937494344332122,-0.058252373248693964,-0.0028196133155517296,0.0337079005355176,0.016570572070603504,-0.029702942250534495,0.046632121365351976,0.0057702014099107485
2024-04-22 00:00:00-04:00,0.0027707832453139764,0.017352335287658352,-0.10101012411974777,0.0,0.038251328743840934,0.01750700312849259,0.020833376018952292,-0.08092481998510818,0.01013280620076232
2024-04-23 00:00:00-04:00,0.0088418702600354,0.030285753522600524,-0.07291666084590044,-0.003755865097255979,-0.0315789176486532,0.019340938635498368,-0.020408204226431473,0.009865525929593003,0.01501429866583096
2024-04-24 00:00:00-04:00,-0.006144216186405644,0.0033371176206133143,-0.022471889042670362,-0.002349677762959775,-0.03783786570268237,-0.021097059430474026,0.01595743163077738,-0.046572911040539955,0.009001861118925751
2024-04-25 00:00:00-04:00,-0.00503430945350234,0.0022308425821480193,0.011494241848790828,-0.00047082057389822104,-0.04000002997262137,-0.005629832758007995,-0.015544027049267965,0.0142720851820792,0.016048803289676134
2024-04-26 00:00:00-04:00,0.009454075293319248,0.010134285499646506,-0.022471889042670362,0.0004712643357882882,0.04790421854561094,-0.013503879495689961,0.048128359972784585,-0.01183963262170813,0.007404930858614732
2024-04-29 00:00:00-04:00,0.00961957098145934,0.020878536753334943,-0.04395606626909715,0.0009425286715765765,0.03910617538763665,0.009386220735454332,-0.055276388833144736,-0.07259529559921726,0.00719036452834276
2024-04-30 00:00:00-04:00,-0.01125550323726304,-0.04406961386980815,-0.01111110080907347,-0.005618016657510917,0.03783780126522939,-0.024548746803125406,0.0,-0.03146506316849803,0.0030916127579739597
2024-05-01 00:00:00-04:00,0.014409019917451598,-0.02698865745308921,0.0,-0.0028196133155517296,0.005181404116228937,0.005925920274522569,-0.035897461918134886,0.015384576259515224,0.006499047585604656
2024-05-02 00:00:00-04:00,-0.012281774815424189,0.05364989691035257,0.0,0.0009416411477964421,0.009999990463256836,0.005805509815405882,0.005347588469389063,0.009756134777534299,-0.037895647134490944
2024-05-03 00:00:00-04:00,-0.0017181293504861693,0.001907348593161458,0.022471956014182424,0.0,0.029126186624346982,-0.010714258466448103,-0.05050506205987389,0.044339556267952246,-0.0988505571738057
2024-05-06 00:00:00-04:00,0.007668105028675553,-0.0002679382732350038,-0.03333330242722041,-0.0018797422103678197,-0.061032914298711376,0.05244249556287954,-0.032085594564617397,0.05939717129031039,0.013028392869386568
2024-05-07 00:00:00-04:00,0.0010629900826517112,0.01076140827505066,-0.011494241848790828,-0.0009407552939016969,0.049751196570663056,-0.019944976796001913,-0.07368420392192293,-0.02426777962190284,0.028713813265984243
2024-05-08 00:00:00-04:00,0.011904818542370377,-0.0016349147695824072,-0.04347828340440215,-0.00018827481550953522,-0.12796202613316346,0.011220185472932168,0.03977275729056248,-0.034759388060694826,-0.008244227905344357
2024-05-09 00:00:00-04:00,0.014184884149529028,0.013564839710273538,0.03448272554637248,-0.0014104694875339031,0.021739109308372983,0.008356538191369898,0.05056181731752038,-0.023169601564768317,0.0073853290045399625
2024-05-10 00:00:00-04:00,0.026526801928700827,-0.01355307259511633,-0.032258097595362786,-0.0004705990062040441,-0.053191502178454655,-0.009628634366578896,-0.08717952417277008,0.0019608292291833696,-0.009229601345809075
2024-05-13 00:00:00-04:00,-0.011837118216482012,0.06666661938401092,-0.07692313234582195,-0.0014098066577758648,0.02185790213933768,0.026822582142087634,-0.039772689558011234,-0.029126231570822864,-0.027817174754201368
2024-05-14 00:00:00-04:00,0.01700839515493706,-0.013620585005254976,0.1084337773352831,0.0,0.0,0.006626867248789295,0.07185629212701143,0.0898437594587451,-0.007894716764751203
2024-05-15 00:00:00-04:00,0.007058835497089367,-0.008910905860262375,0.021978000384744695,0.001131016428995619,-0.04663208114780389,-0.017105278430553216,-0.01675976091011433,-0.034210473920938386,-0.0074617057125080325
2024-05-16 00:00:00-04:00,0.011404536611690996,0.003750038146972552,0.0,-0.0014098066577758648,0.03513510117485586,-0.014000002543131511,-0.011560682489023788,-0.006194747550175295,-0.0113576412636986
2024-05-17 00:00:00-04:00,-0.0018121726053422474,0.011782020678954268,-0.021505355669564928,0.0,-0.010362684699511977,-0.008080864387258808,0.017857197342682936,0.0468750518879729,-0.004122957546515072
2024-05-20 00:00:00-04:00,0.004351485118097412,0.03303377874273049,0.0,-0.0018797422103678197,-0.0210526117657688,-0.016926201235734597,-0.05202314010771007,0.05982904450227533,-0.0010657368007201571
2024-05-21 00:00:00-04:00,-0.004405622984648633,0.04305653359627406,0.04395600076948939,0.0004705990062040441,-0.005376338917391232,-0.027720066787601996,0.08074533793574974,-0.02359641682287707,0.026878873616496275
2024-05-22 00:00:00-04:00,-0.004623041446817001,-0.019083073575272374,-0.0421052235315376,0.000938988661035839,0.03763437242173862,0.0021322450103921356,-0.03954798530910498,-0.0066335716912780795,-0.006784139101228457
2024-05-23 00:00:00-04:00,-0.012592629065215768,-0.027251220499712656,-0.06382978993230624,-0.00046971481689991445,-0.0421052235315376,-0.0219391661079944,-0.017543912239656678,-0.01162793552876449,-0.0017017574873235087
2024-05-24 00:00:00-04:00,-0.000994588547924971,0.0012021937214981276,-0.03409087676400963,-0.0018797422103678197,0.00546447553483442,-0.002162922366165698,-0.017857126384770276,0.04499999682108561,0.021537678015054764
2024-05-28 00:00:00-04:00,-0.017305400368671533,0.009345830210495489,0.07692308280124724,0.0018814208724406338,0.005347588469389063,-0.02960294511146559,-0.05232559993113584,-0.029019598867378982,-0.007284341147913314
2024-05-29 00:00:00-04:00,-0.008586682012109508,0.034377184895416045,0.06250001396983841,-0.0009388991141484619,-0.032967066076724796,-0.044407892157001146,0.0,-0.0049834235719935,-0.027283336895105165
2024-05-30 00:00:00-04:00,0.048842737175828405,0.0288750282643595,0.05882347166332156,0.00046993555259195493,-0.002873560462197707,-0.027210938968575297,-0.03488375638999901,-0.032554207391533474,-0.0037228930023305985
2024-05-31 00:00:00-04:00,-0.004503788838859756,-0.010947227036284327,0.010638287753851585,0.0,0.03448272554637248,-0.0008688295988685164,0.01212120073667007,-0.10265182654743861,0.006032233067576037
2024-06-03 00:00:00-04:00,0.010769183819110484,-0.014554445322430288,-0.02173917409602917,0.00046993555259195493,-0.01092901621135559,-0.006034538465219088,0.04191620015026082,-0.0009311200274629794,-0.01974291559121899
2024-06-04 00:00:00-04:00,-0.002971650208203825,-0.023250407789468436,-0.02173917409602917,0.001879652579325937,-0.048648666064176484,-0.0034662012118936245,0.0914634008942296,-0.05188680857939779,-0.019607875728968657
2024-06-05 00:00:00-04:00,0.023134705284083512,0.01768223907879931,-0.022471889042670362,0.0008445781163607946,0.0,0.009556877019100829,0.016759827507484212,0.0475247053571378,0.00410008281078703
2024-06-06 00:00:00-04:00,0.0027178060705462617,0.0032934182515549255,0.03488368708227368,0.0,-0.016666651213610204,-0.012953335018871717,-0.00549456559579393,-0.011428560529436384,-0.009718027760721492
2024-06-07 00:00:00-04:00,0.00780597804561451,-0.01658650605812457,0.0,0.0014084829915537586,-0.01136362558800321,0.012323974256501292,0.0,0.02327834736665187,0.00013885115823600134
2024-06-10 00:00:00-04:00,0.0012042121471310843,0.0039024353027342514,-0.03529415312110247,-0.0004686142835206688,0.011627895694091225,0.005249296967666186,0.0,-0.01833972844399101,0.014856415005709424
2024-06-11 00:00:00-04:00,-0.003995768861095472,-0.0009938115658967197,0.0,-0.0009372285670413376,0.005813947847045612,-0.011393524643245561,0.005494500096186174,-0.00586505069669501,0.007899108452006986
2024-06-12 00:00:00-04:00,-0.003517183293641933,-0.046349671793116644,0.03658540397084693,0.0,-0.02857140132359096,0.008771963580347817,0.0,-0.019718314147315733,0.0005398963086043237
2024-06-13 00:00:00-04:00,-0.01523485232267563,-0.024797558979881233,-0.06896551960383053,0.000938988661035839,-0.005917224457964549,-0.0008733824496437048,0.016042765408167188,-0.03352485075316067,0.018783775535789707
2024-06-14 00:00:00-04:00,-0.0011537992037259051,0.001056548200804948,0.03703700160674989,0.0,0.01807234409776483,-0.003533565629981095,-0.0368420705900954,0.0029850480001829536,0.023305882383170707
2024-06-17 00:00:00-04:00,0.005491581247435899,-0.003198265736159869,0.012499987892806711,0.0,-0.046783649784029026,0.019607781472250417,-0.04522614720969393,0.01598400037499121,0.04500599940101366
2024-06-18 00:00:00-04:00,0.02096411799975804,0.012969559003041507,0.01204818152329224,0.0,-0.012269926984675609,-0.011393524643245561,-0.044198854273554376,-0.01665035021143828,0.01574902301554754
2024-06-20 00:00:00-04:00,-0.0039771784567324674,0.023097141820437584,0.0,0.0004694943305179195,0.031645538581142406,-0.005309771557870856,0.03448272554637248,-0.1130000114440918,-0.0016172836260259003
2024-06-21 00:00:00-04:00,0.003010868484060805,0.011011072359539296,0.024999975785613422,0.0,0.03680985408856051,-0.001782571950773067,-0.04597703590624888,0.011111153496636285,-0.011717806371257567
2024-06-24 00:00:00-04:00,-0.0016260252456829342,0.0034637112985638234,-0.023809501846360367,-0.000938107788459646,0.05421688866764155,-0.005347630854610314,0.0,-0.04092919105314234,0.006036922583861159
2024-06-25 00:00:00-04:00,-0.0022962782118055194,-0.003990021284299261,0.01219511042741837,0.0,-0.03409087676400963,-0.004472288852417624,0.006060600368335035,-0.010368680809172852,0.05542404904097591
2024-06-26 00:00:00-04:00,-0.006716987225732706,-0.009794058077281446,-0.023255860695907783,0.0,-0.058823541786431094,0.006334813901895827,-0.03488375638999901,-0.007001104793343108,0.006878579615202371
2024-06-27 00:00:00-04:00,-0.010589969204254084,-0.013218110212169471,-0.058823541786431094,-0.0028037134117717103,0.006172833601124982,0.014388475634778753,0.03614461638270319,0.0023529950310202208,0.011556034951836122
2024-06-28 00:00:00-04:00,-0.015418492502146943,-0.0015060585607733997,0.037974646297370886,0.0,-0.0987654112039807,0.008007131176207964,-0.005882347166332156,-0.03604655882163119,0.001262488394572462
2024-07-01 00:00:00-04:00,-0.025174082592908202,-0.013664577318274492,0.02469133440449993,0.0,-0.040540581902419145,-0.025595760265298223,0.06289309543558136,-0.03694879701207825,-0.046216998166176686
2024-07-02 00:00:00-04:00,-0.012948297276366639,0.023564864772852804,0.037974646297370886,-0.001869112565033682,-0.07042247017941754,-0.0009041797922628388,-0.03658533128225511,-0.022277206687900872,0.025947696635266266
2024-07-03 00:00:00-04:00,7.924600870827162e-05,0.01899497265277577,0.050632861729827845,0.0,0.037037001061669086,-0.0035842260214997163,0.0,0.021250009536743164,0.00326338892002109
2024-07-05 00:00:00-04:00,-0.00023733211182545792,-0.0049238661584219846,0.07500000186264512,-0.0009346008467380283,-0.049999953167778305,-0.00808626699573143,0.0,-0.05658056970133337,0.010565467213842945
2024-07-08 00:00:00-04:00,-0.004815287408289089,-0.02068643745125131,-0.03488375638999901,-0.001869112565033682,0.022388037792902334,-0.013537871801726633,-0.03726711891659637,0.09909909688760346,-0.013310426182435768
2024-07-09 00:00:00-04:00,-0.006495561697562104,-0.02866085292844624,0.01204818152329224,0.0,0.014598526172921514,0.0018247722645753587,0.026315764707211,-0.0011764975155101104,-0.022351549881717708
2024-07-10 00:00:00-04:00,0.005141603664716541,-0.05410724966049098,-0.01204818152329224,0.0,0.007042247017941755,0.00996373705229461,-0.006369496393919111,0.045243659918849176,0.01281740059671541
2024-07-11 00:00:00-04:00,0.015683262613349534,-0.028032771759317388,-0.036144544569876716,-0.001401812141664668,0.04895108742634554,0.0046815763700227666,0.0,-0.012834313832887299,0.029404913439979873
2024-07-12 00:00:00-04:00,0.008081097609138457,-0.02892046446672794,0.01219511042741837,0.001403779977481327,0.026490041129573552,-0.002801095505540438,-0.017647111622106002,0.010775903485690004,0.009191791315318451
2024-07-15 00:00:00-04:00,-0.00757518401342128,0.007692288129757651,0.13432831571956816,-0.0018674563671740494,-0.07453416379015641,-0.0037488248891297754,-0.04166662823113064,0.06583073506069634,0.0005491220414940088
2024-07-16 00:00:00-04:00,0.030835607970638966,0.012837351374710142,0.030769294253470136,-0.0009337281835870247,0.10666664441426595,0.0507042235863994,0.018404890477013415,0.14657670921292623,0.02780800842797011
2024-07-17 00:00:00-04:00,-0.012281766921664721,-0.03739540382868303,0.07272720179282098,-0.0014012464670397503,-0.04848480294668028,0.0018198779053875225,0.030120525621057073,-0.029672279829838822,-0.0632104230516817
2024-07-18 00:00:00-04:00,-0.0026451487616533207,-0.02861033284012523,0.08333325054910777,0.0018692016934760565,-0.025477757787232685,-0.03102191162449805,-0.01744184354113684,-0.060523947133187726,-0.011542426623952912
2024-07-19 00:00:00-04:00,-0.0013641097712326473,-0.009642659352602816,-0.015151590409902028,-0.004651180533475654,-0.05982911140958281,-0.0047036867541457245,0.018749981839210065,-0.07060515537471064,-0.008439756628580422
2024-07-22 00:00:00-04:00,0.002705551006740512,-0.004899192504460868,0.0,-0.0009337281835870247,0.02721085787382208,0.01906575916386489,0.0,-0.019308997064156307,0.024741098827698295
2024-07-23 00:00:00-04:00,-0.05057776820723031,-0.0014727315445344877,0.030769294253470136,0.0014019012701070423,0.03289478431117891,-0.014111060262437173,-0.018404890477013415,0.02390857574290685,0.013391879734779472
2024-07-24 00:00:00-04:00,0.02513951759512055,-0.02782707698867933,0.0,-0.002790672834529433,0.0006373784107038849,-0.0267942333092618,-0.02469133440449993,-0.07150255001651389,-0.038230319775918196
2024-07-25 00:00:00-04:00,0.007689427418911069,0.005806803778135798,-0.029411736347271383,0.00046642857428806926,0.02547768185775143,0.0685484173332613,-0.012345667202249964,-0.032584266773363894,0.005060017512233975
2024-07-26 00:00:00-04:00,0.004609004839856904,-0.00948147243923606,-0.015151590409902028,0.0,-0.02469133440449993,-0.0074766285170194775,-0.018633522436780018,-0.038802701076192866,0.009915749425464393
2024-07-29 00:00:00-04:00,-0.0015262116481378585,-0.0054216958144385485,0.0,0.0009319878199875214,-0.0062499939464033556,-0.012310616408634257,-0.0130718832029433,-0.05299539423664307,-0.00421271477705021
2024-07-30 00:00:00-04:00,0.010504290622686556,-0.023963096699823997,-0.05797104579113893,-0.001860507698946221,-0.02500005029141828,0.028680706466613876,-0.00653594160147165,-0.02986857866406064,-0.017255042641120065
2024-07-31 00:00:00-04:00,0.0071942055077066506,0.0076242754809321515,0.0153846929764635,0.0018639756399750427,-0.03726711891659637,-0.0009388991141484619,0.0131578823536055,0.16463419669161067,0.003969136685300565
2024-08-01 00:00:00-04:00,0.004358795649915109,-0.04491658316589771,-0.015151590409902028,0.0,-0.00653594160147165,-0.047887257603291884,-0.00653594160147165,-0.12591051835326936,-0.017077522484797682
2024-08-02 00:00:00-04:00,-0.020707159669508274,-0.05088566707016874,-0.10447759866236506,0.0,-0.060402706578896626,-0.030211498641998548,0.019999980926513672,-0.036523924403414565,-0.0764427076235708
2024-08-05 00:00:00-04:00,-0.013548195255729242,0.016440350226843717,0.06557370641801304,0.0009319878199875214,0.02222220063700145,0.019780147687465638,0.0,0.011611019630811764,0.038517594792210764
2024-08-06 00:00:00-04:00,0.006202897276978672,0.031228048759594305,0.0153846929764635,0.0009319878199875214,-0.007092191985804456,-0.015856196398034626,0.02013420885755418,0.01673638553447659,0.003139495849609398
2024-08-07 00:00:00-04:00,-0.02397080718493856,-0.02633336385091146,-0.015151590409902028,-0.00046512692473655524,-0.0625000206960564,-0.014893552694667763,0.0,-0.17228918943544894,-0.019849480041901568
2024-08-08 00:00:00-04:00,0.019455838457700825,0.03444777201586582,0.06666660043928621,-0.001860507698946221,-0.028776951269557507,0.05775400425899713,-0.00653594160147165,0.21560276070445283,-0.012279087701615567
2024-08-09 00:00:00-04:00,0.0004384504545412073,-0.022392858535320973,-0.029411736347271383,0.0,0.022058802260453536,-0.0030334363603700797,0.0,-0.10000006653541448,0.006737157111475156
2024-08-12 00:00:00-04:00,-0.008844320420076752,0.005156295322963659,-0.030303090509739804,0.0018622400549259588,0.007299263086460757,-0.018386139517584964,-0.038461503192516594,0.008997389837595274,0.008656509756273327
2024-08-13 00:00:00-04:00,0.01170578161272704,0.017058277819481205,0.0,0.00046512692473655524,0.02189778925938227,0.017634862058038995,-0.0131578823536055,-0.0037266748149546083,-0.002506478292385485
2024-08-14 00:00:00-04:00,-0.01377505979392401,-0.02231999674293683,-0.04838714639304418,-0.00046469464075816043,-0.02112674105382526,-0.01417007507096331,0.012658215432456961,0.003699221691188014,-0.001588915999076631
2024-08-15 00:00:00-04:00,0.016199300219493333,0.011027107246176154,0.0,0.0017672823636077683,0.04316551266641595,0.013052220275403141,0.0,0.02771078758444757,-0.006558429789851568
2024-08-16 00:00:00-04:00,0.001788396966929491,0.011653509665661909,-0.03225803350434739,-0.0009285263191077364,0.02797208568497285,0.0029939851896860032,0.006493500461665078,-0.021276631721529805,-0.007164439455165767
2024-08-19 00:00:00-04:00,-0.0002846570192328373,0.04583210567193062,0.20000004768371582,-0.0009285263191077364,0.046979820667626425,0.015763626315248472,0.026490041129573552,0.029940118392664816,0.021455894564540456
2024-08-20 00:00:00-04:00,-0.006045562351468322,-0.009970679407681525,0.1403508496746789,0.0,0.04516132555196595,-0.0019399085305192882,-0.05625002002343506,0.022118693481752737,-0.01744381723168403
2024-08-21 00:00:00-04:00,7.150854358138481e-05,-0.022032901875096236,-0.046153803831019906,0.0,0.0763888130033488,0.0028929347446732413,-0.012903213897927004,0.007909569695701398,0.02519784195916793
2024-08-22 00:00:00-04:00,-0.03549321425782543,-0.021954873450716634,-0.04761900256640572,0.001860507698946221,-0.01898739859760083,-0.025936552165894262,-0.006410250532086098,0.011198143827324508,0.009114543234724111
2024-08-23 00:00:00-04:00,-0.002407843499141384,0.03572513492962786,0.10344828294942289,-0.0009293892815163209,0.019354897756111936,0.015640352712220047,0.00653594160147165,0.05658329504972442,0.01394105149338142
2024-08-26 00:00:00-04:00,-0.004393700761858073,-0.01257138933454241,0.05172419285802739,0.0009311200274629794,0.07361963504258734,-0.021093025943598076,-0.00621117414559334,-0.01635990304505877,-0.011897292512887781
2024-08-27 00:00:00-04:00,0.004413513630645852,-0.0014555819295950113,0.11320755777939623,0.0,-0.005917224457964549,-0.00877194450098946,0.045751669124871344,-0.03773581321978544,0.0020430370043683014
2024-08-28 00:00:00-04:00,-0.0033208593567221807,-0.033142468202330445,0.016949238156632324,-0.0009293892815163209,0.01204818152329224,-0.0019666133346736663,0.006451606948963502,-0.008695644061371431,-0.00311627899350358
2024-08-29 00:00:00-04:00,0.0032377801883855042,0.008072093872110879,0.0,-0.0009293892815163209,0.01744184354113684,0.014648493706773826,-0.018867981112750468,0.11956526133423807,0.006336551756235575
2024-08-30 00:00:00-04:00,0.005346050135467825,-0.0123077392578125,0.0172413633637985,0.0009302538494731105,0.03428568158830915,0.0123927661846899,0.0,0.09134623055627641,0.014876224809257032
2024-09-03 00:00:00-04:00,-0.018851924570323322,-0.029232247733529972,-0.01694913713180618,0.0004641746104103332,-0.038673997489360075,0.007604555154464411,0.05128208067290284,0.021666685740152996,-0.06434034758475667
2024-09-04 00:00:00-04:00,-0.0016619389302220645,-0.011673171484123796,0.03448282949422888,0.0003713406477583385,0.05882347166332156,0.00949671263111324,-0.018181801105005106,0.08333333333333333,-0.00033725441625742804
2024-09-05 00:00:00-04:00,0.0,-0.010784311097783219,-0.01666674945089223,0.0009284377699642014,0.011235944521335181,-0.0036900333293332973,0.04347821901915338,-0.05990788473286133,-0.014974125598113388
2024-09-06 00:00:00-04:00,-0.009028530354300334,-0.048999977111816403,-0.1,-0.0009275765728394432,0.022346414477522322,0.0018553300796937343,0.0,-0.029580908333640254,-0.0031934167235666234
2024-09-09 00:00:00-04:00,-0.005115322033547984,-0.0010345064360519935,-0.068965453455194,0.0,-0.01092901621135559,0.034101370741976174,0.03614461638270319,0.09966218665274817,0.00510547936644344
2024-09-10 00:00:00-04:00,0.003635570453267977,-0.021195295197981523,0.0370370002440479,-0.0009259471023356985,-0.01111110080907347,-0.01962535827655313,-0.005780341244511894,-0.044656490161211725,-0.00462384167341097
2024-09-11 00:00:00-04:00,0.009902436628916243,0.03536756076168552,0.12499998669539185,-0.0009259471023356985,0.0337079005355176,-0.01643829722710696,0.023391790035497878,0.0407347649010083,0.04001812510978985
2024-09-12 00:00:00-04:00,-0.013096943549656022,0.011616670313340023,-0.12068964631322139,-0.0009268052749945091,-0.027472565980538627,-0.013599240449833402,-0.01136362558800321,0.0779510148418483,0.018191700582011416
2024-09-13 00:00:00-04:00,0.0036547036687567744,0.015298210962890128,0.0392156496088299,0.0,0.01694913656104499,-0.026411655186095045,-0.023529458788438158,0.004814284388436666,0.0007442816858357395
2024-09-16 00:00:00-04:00,0.00021694228783406273,0.007005303275684933,-0.05660372265889812,0.0009268052749945091,0.044444469463678714,0.015023549935911294,0.005952446419502754,-0.10088619551558546,0.017458485753714496
2024-09-17 00:00:00-04:00,-0.0022356667417171745,-0.0011760394826233857,0.059999942779541016,-0.0013862652561452942,-0.0315789176486532,0.01637855404226886,-0.02994009197675062,0.005181324473597905,-0.00217863975311124
2024-09-18 00:00:00-04:00,0.0036822708074796978,0.002920516040277586,0.039999961853027344,-0.0002775079416243294,0.010810800361494111,-0.018683277795661528,-0.054878069611974487,-0.02496330069344447,0.0068557565713482345
2024-09-19 00:00:00-04:00,0.0007049054665079244,-0.01355941627806685,0.0,-0.00046211779870102855,-0.026595719384628964,-0.01855124061911325,0.0,0.007806930836479984,0.031202803439685893
2024-09-20 00:00:00-04:00,-0.007931522715993027,0.006845338314843782,-0.03773581510593208,0.0009259471023356985,0.05464475534834419,-0.005420006106272576,-0.10062898268668793,-0.018452819451111366,0.020298094005538978
2024-09-23 00:00:00-04:00,-0.009635144662839585,0.0029299288306941732,0.18867930045286038,-0.0036900333293332973,-0.01546396377020874,-0.0018182234330610795,0.10489517543314864,0.0028530642330241215,0.030882526723671328
2024-09-24 00:00:00-04:00,0.012633754008290865,0.007671199432791096,0.07936509888789085,0.0,-0.010471194385354708,0.001814836956314795,0.019230828012472348,0.11281336520128672,-0.004726618433903812
2024-09-25 00:00:00-04:00,-0.017820657586413508,0.016657260956754558,0.07352942852206691,-0.0036900333293332973,0.005291000285156192,-0.005424992526246091,-0.0658682737316613,-0.03874999284744263,-0.002509962292761792
2024-09-26 00:00:00-04:00,0.038793793001761216,0.025587455920574615,-0.013698616715036242,0.0,0.0,0.03785214068409176,-0.02424240147334014,-0.07147331682011855,-0.012639567804194217
2024-09-27 00:00:00-04:00,0.005979106716977614,-0.006577240818670922,-0.026666641235351562,0.001850092813415877,0.0052083284826948155,-0.02199655515400469,0.030674817461689024,-0.07383683564815322,-0.0023290479646844455
2024-09-30 00:00:00-04:00,0.0052809667935891065,-0.008226212911876966,0.05479446686014497,-0.0009225303266668801,0.0673575123133008,-0.020052353143512516,-0.044943778085340724,0.04988997061381711,0.008698836815313424
2024-10-01 00:00:00-04:00,-0.01099942544003262,-0.0060882261521412046,0.0,-0.015454552390358665,-0.048543644373911635,-0.03283059664638367,0.03703700160674989,-0.05060584830079772,-0.010305455573173233
2024-10-02 00:00:00-04:00,0.0018458262513547168,-0.006089867530982921,0.05882347166332156,-0.0013837954900003202,0.0,0.0009319878199875214,-0.017857126384770276,0.03773584905660377,0.014366697535186435
2024-10-03 00:00:00-04:00,-0.006050950067674616,0.0057970329797911516,-0.02222220161814694,-0.0003690109951022897,-0.020408204226431473,0.01216090921831979,-0.017751532297816112,0.03992674663185278,-0.0012113050110662477
2024-10-04 00:00:00-04:00,-0.008413103647153333,0.0030768956893529645,-0.06521739271277513,0.0013863533961030858,-0.02020200074126503,0.013204276121295624,0.0,0.0556700656580179,-0.008469098703915923
2024-10-07 00:00:00-04:00,-0.0016652014503101091,0.020424015235119674,-0.03409087676400963,-0.005504538352495188,0.0,-0.0017316413362240262,-0.0301204538082306,-0.0222513192754996,0.0067220727905918905
2024-10-08 00:00:00-04:00,0.004236115349663628,-0.017959361259592844,0.07407407679948078,-0.005504538352495188,0.0051546341073743845,0.02317600571713446,0.0,0.0922974969849391,0.006454629758733846
2024-10-09 00:00:00-04:00,-0.001585849337895013,0.02945898418923432,0.04597703590624888,0.0018518059014955115,0.015306107554024919,-0.0066611092574061425,0.0,-0.008583653846266292,0.003023379078711655
2024-10-10 00:00:00-04:00,-0.003281902092513583,0.02080622161733835,0.0,-0.0013844340812129152,0.015306107554024919,-0.0008496370852084066,0.0,0.038653297786571984,0.0019376184701465613
2024-10-11 00:00:00-04:00,0.005312524665140717,0.009102064403348525,0.09302323486045513,-0.009174259751845186,0.030150724870352412,0.005972670070763121,0.011976108173510197,0.07202885797900267,0.03174602396815745
2024-10-14 00:00:00-04:00,0.001736111111111111,0.03337449811269153,0.06382978993230624,-0.006421990575597591,0.059113362398476844,0.0016877218097502693,-0.029069808542953393,-0.00432432020032728,-0.007354260380701782
